Comunidades y Ciudades Autónomas;Edad;Sexo;Periodo;Total
Total Nacional;Total;Hombres;2025T3;pepito
Total Nacional;Total;Hombres;2025T2;5.000.000
Total Nacional;Total;Hombres;2025T1;10,14
Total Nacional;Total;Hombres;2024T4;9,53
Total Nacional;Total;Hombres;2024T3;10,02
Total Nacional;Total;Hombres;2024T2;10,08
Total Nacional;Total;Hombres;2024T1;11,00
Total Nacional;Total;Hombres;2023T4;10,42
Total Nacional;Total;Hombres;2023T3;10,32
Total Nacional;Total;Hombres;2023T2;10,27
Total Nacional;Total;Hombres;2023T1;11,68
Total Nacional;Total;Hombres;2022T4;11,44
Total Nacional;Total;Hombres;2022T3;10,81
Total Nacional;Total;Hombres;2022T2;11,17
Total Nacional;Total;Hombres;2022T1;12,17
Total Nacional;Total;Hombres;2021T4;11,93
Total Nacional;Total;Hombres;2021T3;13,16
Total Nacional;Total;Hombres;2021T2;13,57
Total Nacional;Total;Hombres;2021T1;14,24
Total Nacional;Total;Hombres;2020T4;14,17
Total Nacional;Total;Hombres;2020T3;14,39
Total Nacional;Total;Hombres;2020T2;14,13
Total Nacional;Total;Hombres;2020T1;12,79
Total Nacional;Total;Hombres;2019T4;12,23
Total Nacional;Total;Hombres;2019T3;12,17
Total Nacional;Total;Hombres;2019T2;12,49
Total Nacional;Total;Hombres;2019T1;12,90
Total Nacional;Total;Hombres;2018T4;12,87
Total Nacional;Total;Hombres;2018T3;13,12
Total Nacional;Total;Hombres;2018T2;13,72
Total Nacional;Total;Hombres;2018T1;15,18
Total Nacional;Total;Hombres;2017T4;14,97
Total Nacional;Total;Hombres;2017T3;14,80
Total Nacional;Total;Hombres;2017T2;15,64
Total Nacional;Total;Hombres;2017T1;17,22
Total Nacional;Total;Hombres;2016T4;17,22
Total Nacional;Total;Hombres;2016T3;17,39
Total Nacional;Total;Hombres;2016T2;18,41
Total Nacional;Total;Hombres;2016T1;19,45
Total Nacional;Total;Hombres;2015T4;19,49
Total Nacional;Total;Hombres;2015T3;19,90
Total Nacional;Total;Hombres;2015T2;20,96
Total Nacional;Total;Hombres;2015T1;22,74
Total Nacional;Total;Hombres;2014T4;22,80
Total Nacional;Total;Hombres;2014T3;22,53
Total Nacional;Total;Hombres;2014T2;23,70
Total Nacional;Total;Hombres;2014T1;25,37
Total Nacional;Total;Hombres;2013T4;25,04
Total Nacional;Total;Hombres;2013T3;25,19
Total Nacional;Total;Hombres;2013T2;25,50
Total Nacional;Total;Hombres;2013T1;26,66
Total Nacional;Total;Hombres;2012T4;25,40
Total Nacional;Total;Hombres;2012T3;24,54
Total Nacional;Total;Hombres;2012T2;24,43
Total Nacional;Total;Hombres;2012T1;23,96
Total Nacional;Total;Hombres;2011T4;22,26
Total Nacional;Total;Hombres;2011T3;20,90
Total Nacional;Total;Hombres;2011T2;20,42
Total Nacional;Total;Hombres;2011T1;20,60
Total Nacional;Total;Hombres;2010T4;19,80
Total Nacional;Total;Hombres;2010T3;19,12
Total Nacional;Total;Hombres;2010T2;19,56
Total Nacional;Total;Hombres;2010T1;19,80
Total Nacional;Total;Hombres;2009T4;18,56
Total Nacional;Total;Hombres;2009T3;17,62
Total Nacional;Total;Hombres;2009T2;17,56
Total Nacional;Total;Hombres;2009T1;16,85
Total Nacional;Total;Hombres;2008T4;12,96
Total Nacional;Total;Hombres;2008T3;10,29
Total Nacional;Total;Hombres;2008T2;9,06
Total Nacional;Total;Hombres;2008T1;7,90
Total Nacional;Total;Hombres;2007T4;6,89
Total Nacional;Total;Hombres;2007T3;6,25
Total Nacional;Total;Hombres;2007T2;6,15
Total Nacional;Total;Hombres;2007T1;6,34
Total Nacional;Total;Hombres;2006T4;6,12
Total Nacional;Total;Hombres;2006T3;6,05
Total Nacional;Total;Hombres;2006T2;6,38
Total Nacional;Total;Hombres;2006T1;6,86
Total Nacional;Total;Hombres;2005T4;6,73
Total Nacional;Total;Hombres;2005T3;6,56
Total Nacional;Total;Hombres;2005T2;7,41
Total Nacional;Total;Hombres;2005T1;7,84
Total Nacional;Total;Hombres;2004T4;7,83
Total Nacional;Total;Hombres;2004T3;8,20
Total Nacional;Total;Hombres;2004T2;8,33
Total Nacional;Total;Hombres;2004T1;8,68
Total Nacional;Total;Hombres;2003T4;8,58
Total Nacional;Total;Hombres;2003T3;8,39
Total Nacional;Total;Hombres;2003T2;8,27
Total Nacional;Total;Hombres;2003T1;8,76
Total Nacional;Total;Hombres;2002T4;8,65
Total Nacional;Total;Hombres;2002T3;8,33
Total Nacional;Total;Hombres;2002T2;7,86
Total Nacional;Total;Hombres;2002T1;8,36
Total Nacional;Total;Mujeres;2025T3;12,11
Total Nacional;Total;Mujeres;2025T2;11,50
Total Nacional;Total;Mujeres;2025T1;12,72
Total Nacional;Total;Mujeres;2024T4;11,83
Total Nacional;Total;Mujeres;2024T3;12,54
Total Nacional;Total;Mujeres;2024T2;12,61
Total Nacional;Total;Mujeres;2024T1;13,73
Total Nacional;Total;Mujeres;2023T4;13,33
Total Nacional;Total;Mujeres;2023T3;13,66
Total Nacional;Total;Mujeres;2023T2;13,24
Total Nacional;Total;Mujeres;2023T1;15,27
Total Nacional;Total;Mujeres;2022T4;14,74
Total Nacional;Total;Mujeres;2022T3;14,92
Total Nacional;Total;Mujeres;2022T2;14,40
Total Nacional;Total;Mujeres;2022T1;15,49
Total Nacional;Total;Mujeres;2021T4;15,15
Total Nacional;Total;Mujeres;2021T3;16,47
Total Nacional;Total;Mujeres;2021T2;17,45
Total Nacional;Total;Mujeres;2021T1;18,30
Total Nacional;Total;Mujeres;2020T4;18,33
Total Nacional;Total;Mujeres;2020T3;18,39
Total Nacional;Total;Mujeres;2020T2;16,72
Total Nacional;Total;Mujeres;2020T1;16,24
Total Nacional;Total;Mujeres;2019T4;15,55
Total Nacional;Total;Mujeres;2019T3;15,92
Total Nacional;Total;Mujeres;2019T2;15,78
Total Nacional;Total;Mujeres;2019T1;pepito
Total Nacional;Total;Mujeres;2018T4;16,26
Total Nacional;Total;Mujeres;2018T3;16,22
Total Nacional;Total;Mujeres;2018T2;17,08
Total Nacional;Total;Mujeres;2018T1;18,54
Total Nacional;Total;Mujeres;2017T4;18,35
Total Nacional;Total;Mujeres;2017T3;18,21
Total Nacional;Total;Mujeres;2017T2;19,04
Total Nacional;Total;Mujeres;2017T1;20,51
Total Nacional;Total;Mujeres;2016T4;20,25
Total Nacional;Total;Mujeres;2016T3;20,66
Total Nacional;Total;Mujeres;2016T2;21,82
Total Nacional;Total;Mujeres;2016T1;22,78
Total Nacional;Total;Mujeres;2015T4;22,52
Total Nacional;Total;Mujeres;2015T3;22,69
Total Nacional;Total;Mujeres;2015T2;24,01
Total Nacional;Total;Mujeres;2015T1;24,98
Total Nacional;Total;Mujeres;2014T4;24,74
Total Nacional;Total;Mujeres;2014T3;25,01
Total Nacional;Total;Mujeres;2014T2;25,38
Total Nacional;Total;Mujeres;2014T1;26,57
Total Nacional;Total;Mujeres;2013T4;26,53
Total Nacional;Total;Mujeres;2013T3;26,18
Total Nacional;Total;Mujeres;2013T2;26,71
Total Nacional;Total;Mujeres;2013T1;27,26
Total Nacional;Total;Mujeres;2012T4;26,22
Total Nacional;Total;Mujeres;2012T3;25,10
Total Nacional;Total;Mujeres;2012T2;24,36
Total Nacional;Total;Mujeres;2012T1;24,46
Total Nacional;Total;Mujeres;2011T4;22,92
Total Nacional;Total;Mujeres;2011T3;21,75
Total Nacional;Total;Mujeres;2011T2;20,92
Total Nacional;Total;Mujeres;2011T1;21,66
Total Nacional;Total;Mujeres;2010T4;20,51
Total Nacional;Total;Mujeres;2010T3;20,18
Total Nacional;Total;Mujeres;2010T2;20,30
Total Nacional;Total;Mujeres;2010T1;19,90
Total Nacional;Total;Mujeres;2009T4;18,80
Total Nacional;Total;Mujeres;2009T3;17,91
Total Nacional;Total;Mujeres;2009T2;18,04
Total Nacional;Total;Mujeres;2009T1;17,76
Total Nacional;Total;Mujeres;2008T4;14,85
Total Nacional;Total;Mujeres;2008T3;12,48
Total Nacional;Total;Mujeres;2008T2;12,08
Total Nacional;Total;Mujeres;2008T1;11,88
Total Nacional;Total;Mujeres;2007T4;10,82
Total Nacional;Total;Mujeres;2007T3;10,39
Total Nacional;Total;Mujeres;2007T2;10,35
Total Nacional;Total;Mujeres;2007T1;11,23
Total Nacional;Total;Mujeres;2006T4;11,17
Total Nacional;Total;Mujeres;2006T3;10,91
Total Nacional;Total;Mujeres;2006T2;11,28
Total Nacional;Total;Mujeres;2006T1;12,03
Total Nacional;Total;Mujeres;2005T4;11,47
Total Nacional;Total;Mujeres;2005T3;11,04
Total Nacional;Total;Mujeres;2005T2;12,00
Total Nacional;Total;Mujeres;2005T1;13,46
Total Nacional;Total;Mujeres;2004T4;14,35
Total Nacional;Total;Mujeres;2004T3;14,36
Total Nacional;Total;Mujeres;2004T2;15,03
Total Nacional;Total;Mujeres;2004T1;15,55
Total Nacional;Total;Mujeres;2003T4;15,41
Total Nacional;Total;Mujeres;2003T3;15,54
Total Nacional;Total;Mujeres;2003T2;15,68
Total Nacional;Total;Mujeres;2003T1;16,73
Total Nacional;Total;Mujeres;2002T4;16,00
Total Nacional;Total;Mujeres;2002T3;16,20
Total Nacional;Total;Mujeres;2002T2;16,04
Total Nacional;Total;Mujeres;2002T1;16,35
Total Nacional;Menores de 25 años;Hombres;2025T3;24,28
Total Nacional;Menores de 25 años;Hombres;2025T2;23,30
Total Nacional;Menores de 25 años;Hombres;2025T1;26,04
Total Nacional;Menores de 25 años;Hombres;2024T4;23,63
Total Nacional;Menores de 25 años;Hombres;2024T3;25,58
Total Nacional;Menores de 25 años;Hombres;2024T2;26,44
Total Nacional;Menores de 25 años;Hombres;2024T1;28,63
Total Nacional;Menores de 25 años;Hombres;2023T4;29,55
Total Nacional;Menores de 25 años;Hombres;2023T3;29,06
Total Nacional;Menores de 25 años;Hombres;2023T2;27,51
Total Nacional;Menores de 25 años;Hombres;2023T1;29,13
Total Nacional;Menores de 25 años;Hombres;2022T4;28,36
Total Nacional;Menores de 25 años;Hombres;2022T3;28,45
Total Nacional;Menores de 25 años;Hombres;2022T2;27,98
Total Nacional;Menores de 25 años;Hombres;2022T1;29,92
Total Nacional;Menores de 25 años;Hombres;2021T4;30,66
Total Nacional;Menores de 25 años;Hombres;2021T3;31,06
Total Nacional;Menores de 25 años;Hombres;2021T2;36,79
Total Nacional;Menores de 25 años;Hombres;2021T1;37,93
Total Nacional;Menores de 25 años;Hombres;2020T4;38,90
Total Nacional;Menores de 25 años;Hombres;2020T3;38,69
Total Nacional;Menores de 25 años;Hombres;2020T2;38,34
Total Nacional;Menores de 25 años;Hombres;2020T1;32,62
Total Nacional;Menores de 25 años;Hombres;2019T4;29,25
Total Nacional;Menores de 25 años;Hombres;2019T3;29,95
Total Nacional;Menores de 25 años;Hombres;2019T2;31,62
Total Nacional;Menores de 25 años;Hombres;2019T1;33,10
Total Nacional;Menores de 25 años;Hombres;2018T4;33,66
Total Nacional;Menores de 25 años;Hombres;2018T3;34,02
Total Nacional;Menores de 25 años;Hombres;2018T2;35,54
Total Nacional;Menores de 25 años;Hombres;2018T1;37,98
Total Nacional;Menores de 25 años;Hombres;2017T4;37,83
Total Nacional;Menores de 25 años;Hombres;2017T3;37,44
Total Nacional;Menores de 25 años;Hombres;2017T2;40,65
Total Nacional;Menores de 25 años;Hombres;2017T1;42,58
Total Nacional;Menores de 25 años;Hombres;2016T4;42,76
Total Nacional;Menores de 25 años;Hombres;2016T3;41,94
Total Nacional;Menores de 25 años;Hombres;2016T2;45,83
Total Nacional;Menores de 25 años;Hombres;2016T1;45,66
Total Nacional;Menores de 25 años;Hombres;2015T4;45,39
Total Nacional;Menores de 25 años;Hombres;2015T3;46,65
Total Nacional;Menores de 25 años;Hombres;2015T2;50,04
Total Nacional;Menores de 25 años;Hombres;2015T1;52,56
Total Nacional;Menores de 25 años;Hombres;2014T4;51,57
Total Nacional;Menores de 25 años;Hombres;2014T3;52,33
Total Nacional;Menores de 25 años;Hombres;2014T2;53,78
Total Nacional;Menores de 25 años;Hombres;2014T1;56,04
Total Nacional;Menores de 25 años;Hombres;2013T4;55,55
Total Nacional;Menores de 25 años;Hombres;2013T3;53,96
Total Nacional;Menores de 25 años;Hombres;2013T2;56,34
Total Nacional;Menores de 25 años;Hombres;2013T1;59,08
Total Nacional;Menores de 25 años;Hombres;2012T4;55,87
Total Nacional;Menores de 25 años;Hombres;2012T3;52,74
Total Nacional;Menores de 25 años;Hombres;2012T2;54,26
Total Nacional;Menores de 25 años;Hombres;2012T1;53,78
Total Nacional;Menores de 25 años;Hombres;2011T4;50,25
Total Nacional;Menores de 25 años;Hombres;2011T3;47,01
Total Nacional;Menores de 25 años;Hombres;2011T2;48,12
Total Nacional;Menores de 25 años;Hombres;2011T1;47,38
Total Nacional;Menores de 25 años;Hombres;2010T4;44,46
Total Nacional;Menores de 25 años;Hombres;2010T3;41,43
Total Nacional;Menores de 25 años;Hombres;2010T2;43,28
Total Nacional;Menores de 25 años;Hombres;2010T1;43,25
Total Nacional;Menores de 25 años;Hombres;2009T4;40,85
Total Nacional;Menores de 25 años;Hombres;2009T3;39,36
Total Nacional;Menores de 25 años;Hombres;2009T2;39,97
Total Nacional;Menores de 25 años;Hombres;2009T1;36,22
Total Nacional;Menores de 25 años;Hombres;2008T4;29,56
Total Nacional;Menores de 25 años;Hombres;2008T3;23,67
Total Nacional;Menores de 25 años;Hombres;2008T2;21,91
Total Nacional;Menores de 25 años;Hombres;2008T1;19,34
Total Nacional;Menores de 25 años;Hombres;2007T4;16,53
Total Nacional;Menores de 25 años;Hombres;2007T3;15,18
Total Nacional;Menores de 25 años;Hombres;2007T2;15,12
Total Nacional;Menores de 25 años;Hombres;2007T1;14,08
Total Nacional;Menores de 25 años;Hombres;2006T4;14,10
Total Nacional;Menores de 25 años;Hombres;2006T3;13,88
Total Nacional;Menores de 25 años;Hombres;2006T2;15,33
Total Nacional;Menores de 25 años;Hombres;2006T1;16,73
Total Nacional;Menores de 25 años;Hombres;2005T4;16,04
Total Nacional;Menores de 25 años;Hombres;2005T3;14,98
Total Nacional;Menores de 25 años;Hombres;2005T2;17,37
Total Nacional;Menores de 25 años;Hombres;2005T1;18,55
Total Nacional;Menores de 25 años;Hombres;2004T4;17,72
Total Nacional;Menores de 25 años;Hombres;2004T3;18,44
Total Nacional;Menores de 25 años;Hombres;2004T2;19,44
Total Nacional;Menores de 25 años;Hombres;2004T1;19,39
Total Nacional;Menores de 25 años;Hombres;2003T4;19,62
Total Nacional;Menores de 25 años;Hombres;2003T3;19,08
Total Nacional;Menores de 25 años;Hombres;2003T2;19,16
Total Nacional;Menores de 25 años;Hombres;2003T1;20,15
Total Nacional;Menores de 25 años;Hombres;2002T4;20,15
Total Nacional;Menores de 25 años;Hombres;2002T3;18,67
Total Nacional;Menores de 25 años;Hombres;2002T2;16,82
Total Nacional;Menores de 25 años;Hombres;2002T1;18,37
Total Nacional;Menores de 25 años;Mujeres;2025T3;26,72
Total Nacional;Menores de 25 años;Mujeres;2025T2;26,01
Total Nacional;Menores de 25 años;Mujeres;2025T1;27,13
Total Nacional;Menores de 25 años;Mujeres;2024T4;26,46
Total Nacional;Menores de 25 años;Mujeres;2024T3;28,50
Total Nacional;Menores de 25 años;Mujeres;2024T2;26,76
Total Nacional;Menores de 25 años;Mujeres;2024T1;26,54
Total Nacional;Menores de 25 años;Mujeres;2023T4;27,26
Total Nacional;Menores de 25 años;Mujeres;2023T3;27,35
Total Nacional;Menores de 25 años;Mujeres;2023T2;28,87
Total Nacional;Menores de 25 años;Mujeres;2023T1;30,69
Total Nacional;Menores de 25 años;Mujeres;2022T4;29,70
Total Nacional;Menores de 25 años;Mujeres;2022T3;32,75
Total Nacional;Menores de 25 años;Mujeres;2022T2;30,69
Total Nacional;Menores de 25 años;Mujeres;2022T1;30,19
Total Nacional;Menores de 25 años;Mujeres;2021T4;31,34
Total Nacional;Menores de 25 años;Mujeres;2021T3;32,37
Total Nacional;Menores de 25 años;Mujeres;2021T2;40,43
Total Nacional;Menores de 25 años;Mujeres;2021T1;41,28
Total Nacional;Menores de 25 años;Mujeres;2020T4;41,63
Total Nacional;Menores de 25 años;Mujeres;2020T3;42,60
Total Nacional;Menores de 25 años;Mujeres;2020T2;41,23
Total Nacional;Menores de 25 años;Mujeres;2020T1;33,47
Total Nacional;Menores de 25 años;Mujeres;2019T4;32,07
Total Nacional;Menores de 25 años;Mujeres;2019T3;33,78
Total Nacional;Menores de 25 años;Mujeres;2019T2;34,98
Total Nacional;Menores de 25 años;Mujeres;2019T1;37,14
Total Nacional;Menores de 25 años;Mujeres;2018T4;33,40
Total Nacional;Menores de 25 años;Mujeres;2018T3;31,78
Total Nacional;Menores de 25 años;Mujeres;2018T2;33,66
Total Nacional;Menores de 25 años;Mujeres;2018T1;34,37
Total Nacional;Menores de 25 años;Mujeres;2017T4;37,06
Total Nacional;Menores de 25 años;Mujeres;2017T3;34,22
Total Nacional;Menores de 25 años;Mujeres;2017T2;38,24
Total Nacional;Menores de 25 años;Mujeres;2017T1;40,56
Total Nacional;Menores de 25 años;Mujeres;2016T4;43,11
Total Nacional;Menores de 25 años;Mujeres;2016T3;41,93
Total Nacional;Menores de 25 años;Mujeres;2016T2;47,25
Total Nacional;Menores de 25 años;Mujeres;2016T1;47,49
Total Nacional;Menores de 25 años;Mujeres;2015T4;47,24
Total Nacional;Menores de 25 años;Mujeres;2015T3;46,50
Total Nacional;Menores de 25 años;Mujeres;2015T2;48,29
Total Nacional;Menores de 25 años;Mujeres;2015T1;49,96
Total Nacional;Menores de 25 años;Mujeres;2014T4;52,07
Total Nacional;Menores de 25 años;Mujeres;2014T3;52,47
Total Nacional;Menores de 25 años;Mujeres;2014T2;52,35
Total Nacional;Menores de 25 años;Mujeres;2014T1;54,85
Total Nacional;Menores de 25 años;Mujeres;2013T4;54,14
Total Nacional;Menores de 25 años;Mujeres;2013T3;54,35
Total Nacional;Menores de 25 años;Mujeres;2013T2;55,55
Total Nacional;Menores de 25 años;Mujeres;2013T1;54,46
Total Nacional;Menores de 25 años;Mujeres;2012T4;53,66
Total Nacional;Menores de 25 años;Mujeres;2012T3;51,18
Total Nacional;Menores de 25 años;Mujeres;2012T2;51,69
Total Nacional;Menores de 25 años;Mujeres;2012T1;49,35
Total Nacional;Menores de 25 años;Mujeres;2011T4;45,77
Total Nacional;Menores de 25 años;Mujeres;2011T3;43,97
Total Nacional;Menores de 25 años;Mujeres;2011T2;43,35
Total Nacional;Menores de 25 años;Mujeres;2011T1;42,93
Total Nacional;Menores de 25 años;Mujeres;2010T4;40,75
Total Nacional;Menores de 25 años;Mujeres;2010T3;39,56
Total Nacional;Menores de 25 años;Mujeres;2010T2;40,40
Total Nacional;Menores de 25 años;Mujeres;2010T1;37,74
Total Nacional;Menores de 25 años;Mujeres;2009T4;36,36
Total Nacional;Menores de 25 años;Mujeres;2009T3;37,64
Total Nacional;Menores de 25 años;Mujeres;2009T2;35,72
Total Nacional;Menores de 25 años;Mujeres;2009T1;34,71
Total Nacional;Menores de 25 años;Mujeres;2008T4;28,26
Total Nacional;Menores de 25 años;Mujeres;2008T3;24,80
Total Nacional;Menores de 25 años;Mujeres;2008T2;25,70
Total Nacional;Menores de 25 años;Mujeres;2008T1;23,30
Total Nacional;Menores de 25 años;Mujeres;2007T4;21,34
Total Nacional;Menores de 25 años;Mujeres;2007T3;21,18
Total Nacional;Menores de 25 años;Mujeres;2007T2;21,96
Total Nacional;Menores de 25 años;Mujeres;2007T1;22,42
Total Nacional;Menores de 25 años;Mujeres;2006T4;22,44
Total Nacional;Menores de 25 años;Mujeres;2006T3;20,73
Total Nacional;Menores de 25 años;Mujeres;2006T2;21,69
Total Nacional;Menores de 25 años;Mujeres;2006T1;21,17
Total Nacional;Menores de 25 años;Mujeres;2005T4;21,93
Total Nacional;Menores de 25 años;Mujeres;2005T3;21,88
Total Nacional;Menores de 25 años;Mujeres;2005T2;23,98
Total Nacional;Menores de 25 años;Mujeres;2005T1;25,88
Total Nacional;Menores de 25 años;Mujeres;2004T4;26,00
Total Nacional;Menores de 25 años;Mujeres;2004T3;25,86
Total Nacional;Menores de 25 años;Mujeres;2004T2;26,39
Total Nacional;Menores de 25 años;Mujeres;2004T1;26,97
Total Nacional;Menores de 25 años;Mujeres;2003T4;27,35
Total Nacional;Menores de 25 años;Mujeres;2003T3;26,30
Total Nacional;Menores de 25 años;Mujeres;2003T2;26,42
Total Nacional;Menores de 25 años;Mujeres;2003T1;27,70
Total Nacional;Menores de 25 años;Mujeres;2002T4;27,14
Total Nacional;Menores de 25 años;Mujeres;2002T3;26,53
Total Nacional;Menores de 25 años;Mujeres;2002T2;27,67
Total Nacional;Menores de 25 años;Mujeres;2002T1;27,02
Total Nacional;25 y más años;Hombres;2025T3;7,62
Total Nacional;25 y más años;Hombres;2025T2;8,03
Total Nacional;25 y más años;Hombres;2025T1;8,89
Total Nacional;25 y más años;Hombres;2024T4;8,40
Total Nacional;25 y más años;Hombres;2024T3;8,62
Total Nacional;25 y más años;Hombres;2024T2;8,72
Total Nacional;25 y más años;Hombres;2024T1;9,62
Total Nacional;25 y más años;Hombres;2023T4;8,92
Total Nacional;25 y más años;Hombres;2023T3;8,71
Total Nacional;25 y más años;Hombres;2023T2;8,93
Total Nacional;25 y más años;Hombres;2023T1;10,42
Total Nacional;25 y más años;Hombres;2022T4;10,20
Total Nacional;25 y más años;Hombres;2022T3;9,37
Total Nacional;25 y más años;Hombres;2022T2;9,89
Total Nacional;25 y más años;Hombres;2022T1;10,92
Total Nacional;25 y más años;Hombres;2021T4;10,66
Total Nacional;25 y más años;Hombres;2021T3;11,78
Total Nacional;25 y más años;Hombres;2021T2;11,90
Total Nacional;25 y más años;Hombres;2021T1;12,66
Total Nacional;25 y más años;Hombres;2020T4;12,48
Total Nacional;25 y más años;Hombres;2020T3;12,58
Total Nacional;25 y más años;Hombres;2020T2;12,55
Total Nacional;25 y más años;Hombres;2020T1;11,37
Total Nacional;25 y más años;Hombres;2019T4;10,99
Total Nacional;25 y más años;Hombres;2019T3;10,76
Total Nacional;25 y más años;Hombres;2019T2;11,09
Total Nacional;25 y más años;Hombres;2019T1;11,52
Total Nacional;25 y más años;Hombres;2018T4;11,40
Total Nacional;25 y más años;Hombres;2018T3;11,51
Total Nacional;25 y más años;Hombres;2018T2;12,15
Total Nacional;25 y más años;Hombres;2018T1;13,63
Total Nacional;25 y más años;Hombres;2017T4;13,38
Total Nacional;25 y más años;Hombres;2017T3;13,06
Total Nacional;25 y más años;Hombres;2017T2;13,89
Total Nacional;25 y más años;Hombres;2017T1;15,50
Total Nacional;25 y más años;Hombres;2016T4;15,49
Total Nacional;25 y más años;Hombres;2016T3;15,63
Total Nacional;25 y más años;Hombres;2016T2;16,47
Total Nacional;25 y más años;Hombres;2016T1;17,66
Total Nacional;25 y más años;Hombres;2015T4;17,67
Total Nacional;25 y más años;Hombres;2015T3;17,86
Total Nacional;25 y más años;Hombres;2015T2;18,88
Total Nacional;25 y más años;Hombres;2015T1;20,61
Total Nacional;25 y más años;Hombres;2014T4;20,74
Total Nacional;25 y más años;Hombres;2014T3;20,22
Total Nacional;25 y más años;Hombres;2014T2;21,47
Total Nacional;25 y más años;Hombres;2014T1;23,10
Total Nacional;25 y más años;Hombres;2013T4;22,71
Total Nacional;25 y más años;Hombres;2013T3;22,85
Total Nacional;25 y más años;Hombres;2013T2;23,06
Total Nacional;25 y más años;Hombres;2013T1;24,11
Total Nacional;25 y más años;Hombres;2012T4;23,02
Total Nacional;25 y más años;Hombres;2012T3;22,13
Total Nacional;25 y más años;Hombres;2012T2;22,02
Total Nacional;25 y más años;Hombres;2012T1;21,57
Total Nacional;25 y más años;Hombres;2011T4;19,95
Total Nacional;25 y más años;Hombres;2011T3;18,54
Total Nacional;25 y más años;Hombres;2011T2;18,02
Total Nacional;25 y más años;Hombres;2011T1;18,28
Total Nacional;25 y más años;Hombres;2010T4;17,59
Total Nacional;25 y más años;Hombres;2010T3;16,97
Total Nacional;25 y más años;Hombres;2010T2;17,27
Total Nacional;25 y más años;Hombres;2010T1;17,57
Total Nacional;25 y más años;Hombres;2009T4;16,37
Total Nacional;25 y más años;Hombres;2009T3;15,30
Total Nacional;25 y más años;Hombres;2009T2;15,20
Total Nacional;25 y más años;Hombres;2009T1;14,79
Total Nacional;25 y más años;Hombres;2008T4;11,14
Total Nacional;25 y más años;Hombres;2008T3;8,69
Total Nacional;25 y más años;Hombres;2008T2;7,61
Total Nacional;25 y más años;Hombres;2008T1;6,60
Total Nacional;25 y más años;Hombres;2007T4;5,78
Total Nacional;25 y más años;Hombres;2007T3;5,15
Total Nacional;25 y más años;Hombres;2007T2;5,08
Total Nacional;25 y más años;Hombres;2007T1;5,43
Total Nacional;25 y más años;Hombres;2006T4;5,16
Total Nacional;25 y más años;Hombres;2006T3;5,04
Total Nacional;25 y más años;Hombres;2006T2;5,29
Total Nacional;25 y más años;Hombres;2006T1;5,66
Total Nacional;25 y más años;Hombres;2005T4;5,56
Total Nacional;25 y más años;Hombres;2005T3;5,43
Total Nacional;25 y más años;Hombres;2005T2;6,13
Total Nacional;25 y más años;Hombres;2005T1;6,45
Total Nacional;25 y más años;Hombres;2004T4;6,58
Total Nacional;25 y más años;Hombres;2004T3;6,83
Total Nacional;25 y más años;Hombres;2004T2;6,89
Total Nacional;25 y más años;Hombres;2004T1;7,29
Total Nacional;25 y más años;Hombres;2003T4;7,11
Total Nacional;25 y más años;Hombres;2003T3;6,90
Total Nacional;25 y más años;Hombres;2003T2;6,80
Total Nacional;25 y más años;Hombres;2003T1;7,21
Total Nacional;25 y más años;Hombres;2002T4;7,06
Total Nacional;25 y más años;Hombres;2002T3;6,83
Total Nacional;25 y más años;Hombres;2002T2;6,60
Total Nacional;25 y más años;Hombres;2002T1;6,93
Total Nacional;25 y más años;Mujeres;2025T3;10,87
Total Nacional;25 y más años;Mujeres;2025T2;10,38
Total Nacional;25 y más años;Mujeres;2025T1;11,71
Total Nacional;25 y más años;Mujeres;2024T4;10,77
Total Nacional;25 y más años;Mujeres;2024T3;11,23
Total Nacional;25 y más años;Mujeres;2024T2;11,59
Total Nacional;25 y más años;Mujeres;2024T1;12,83
Total Nacional;25 y más años;Mujeres;2023T4;12,34
Total Nacional;25 y más años;Mujeres;2023T3;12,58
Total Nacional;25 y más años;Mujeres;2023T2;12,13
Total Nacional;25 y más años;Mujeres;2023T1;14,21
Total Nacional;25 y más años;Mujeres;2022T4;13,71
Total Nacional;25 y más años;Mujeres;2022T3;13,57
Total Nacional;25 y más años;Mujeres;2022T2;13,22
Total Nacional;25 y más años;Mujeres;2022T1;14,52
Total Nacional;25 y más años;Mujeres;2021T4;14,09
Total Nacional;25 y más años;Mujeres;2021T3;15,28
Total Nacional;25 y más años;Mujeres;2021T2;15,86
Total Nacional;25 y más años;Mujeres;2021T1;16,88
Total Nacional;25 y más años;Mujeres;2020T4;16,85
Total Nacional;25 y más años;Mujeres;2020T3;16,71
Total Nacional;25 y más años;Mujeres;2020T2;15,27
Total Nacional;25 y más años;Mujeres;2020T1;15,13
Total Nacional;25 y más años;Mujeres;2019T4;14,44
Total Nacional;25 y más años;Mujeres;2019T3;14,59
Total Nacional;25 y más años;Mujeres;2019T2;14,46
Total Nacional;25 y más años;Mujeres;2019T1;15,36
Total Nacional;25 y más años;Mujeres;2018T4;15,07
Total Nacional;25 y más años;Mujeres;2018T3;15,07
Total Nacional;25 y más años;Mujeres;2018T2;15,94
Total Nacional;25 y más años;Mujeres;2018T1;17,51
Total Nacional;25 y más años;Mujeres;2017T4;17,03
Total Nacional;25 y más años;Mujeres;2017T3;17,01
Total Nacional;25 y más años;Mujeres;2017T2;17,72
Total Nacional;25 y más años;Mujeres;2017T1;19,19
Total Nacional;25 y más años;Mujeres;2016T4;18,74
Total Nacional;25 y más años;Mujeres;2016T3;19,10
Total Nacional;25 y más años;Mujeres;2016T2;20,08
Total Nacional;25 y más años;Mujeres;2016T1;21,14
Total Nacional;25 y más años;Mujeres;2015T4;20,81
Total Nacional;25 y más años;Mujeres;2015T3;20,81
Total Nacional;25 y más años;Mujeres;2015T2;22,21
Total Nacional;25 y más años;Mujeres;2015T1;23,21
Total Nacional;25 y más años;Mujeres;2014T4;22,70
Total Nacional;25 y más años;Mujeres;2014T3;22,86
Total Nacional;25 y más años;Mujeres;2014T2;23,38
Total Nacional;25 y más años;Mujeres;2014T1;24,45
Total Nacional;25 y más años;Mujeres;2013T4;24,38
Total Nacional;25 y más años;Mujeres;2013T3;23,80
Total Nacional;25 y más años;Mujeres;2013T2;24,42
Total Nacional;25 y más años;Mujeres;2013T1;25,05
Total Nacional;25 y más años;Mujeres;2012T4;23,98
Total Nacional;25 y más años;Mujeres;2012T3;22,76
Total Nacional;25 y más años;Mujeres;2012T2;21,95
Total Nacional;25 y más años;Mujeres;2012T1;22,30
Total Nacional;25 y más años;Mujeres;2011T4;20,88
Total Nacional;25 y más años;Mujeres;2011T3;19,54
Total Nacional;25 y más años;Mujeres;2011T2;18,79
Total Nacional;25 y más años;Mujeres;2011T1;19,67
Total Nacional;25 y más años;Mujeres;2010T4;18,55
Total Nacional;25 y más años;Mujeres;2010T3;18,14
Total Nacional;25 y más años;Mujeres;2010T2;18,28
Total Nacional;25 y más años;Mujeres;2010T1;18,11
Total Nacional;25 y más años;Mujeres;2009T4;17,00
Total Nacional;25 y más años;Mujeres;2009T3;15,63
Total Nacional;25 y más años;Mujeres;2009T2;16,09
Total Nacional;25 y más años;Mujeres;2009T1;15,85
Total Nacional;25 y más años;Mujeres;2008T4;13,26
Total Nacional;25 y más años;Mujeres;2008T3;10,88
Total Nacional;25 y más años;Mujeres;2008T2;10,39
Total Nacional;25 y más años;Mujeres;2008T1;10,51
Total Nacional;25 y más años;Mujeres;2007T4;9,52
Total Nacional;25 y más años;Mujeres;2007T3;8,91
Total Nacional;25 y más años;Mujeres;2007T2;8,86
Total Nacional;25 y más años;Mujeres;2007T1;9,84
Total Nacional;25 y más años;Mujeres;2006T4;9,68
Total Nacional;25 y más años;Mujeres;2006T3;9,52
Total Nacional;25 y más años;Mujeres;2006T2;9,82
Total Nacional;25 y más años;Mujeres;2006T1;10,78
Total Nacional;25 y más años;Mujeres;2005T4;10,02
Total Nacional;25 y más años;Mujeres;2005T3;9,40
Total Nacional;25 y más años;Mujeres;2005T2;10,26
Total Nacional;25 y más años;Mujeres;2005T1;11,73
Total Nacional;25 y más años;Mujeres;2004T4;12,77
Total Nacional;25 y más años;Mujeres;2004T3;12,68
Total Nacional;25 y más años;Mujeres;2004T2;13,41
Total Nacional;25 y más años;Mujeres;2004T1;13,92
Total Nacional;25 y más años;Mujeres;2003T4;13,67
Total Nacional;25 y más años;Mujeres;2003T3;13,86
Total Nacional;25 y más años;Mujeres;2003T2;14,05
Total Nacional;25 y más años;Mujeres;2003T1;15,06
Total Nacional;25 y más años;Mujeres;2002T4;14,24
Total Nacional;25 y más años;Mujeres;2002T3;14,49
Total Nacional;25 y más años;Mujeres;2002T2;14,16
Total Nacional;25 y más años;Mujeres;2002T1;14,59
Total Nacional;De 16 a 19 años;Hombres;2025T3;30,58
Total Nacional;De 16 a 19 años;Hombres;2025T2;40,23
Total Nacional;De 16 a 19 años;Hombres;2025T1;40,65
Total Nacional;De 16 a 19 años;Hombres;2024T4;32,75
Total Nacional;De 16 a 19 años;Hombres;2024T3;36,38
Total Nacional;De 16 a 19 años;Hombres;2024T2;42,04
Total Nacional;De 16 a 19 años;Hombres;2024T1;40,38
Total Nacional;De 16 a 19 años;Hombres;2023T4;41,53
Total Nacional;De 16 a 19 años;Hombres;2023T3;41,70
Total Nacional;De 16 a 19 años;Hombres;2023T2;43,96
Total Nacional;De 16 a 19 años;Hombres;2023T1;47,01
Total Nacional;De 16 a 19 años;Hombres;2022T4;43,47
Total Nacional;De 16 a 19 años;Hombres;2022T3;45,12
Total Nacional;De 16 a 19 años;Hombres;2022T2;49,25
Total Nacional;De 16 a 19 años;Hombres;2022T1;43,15
Total Nacional;De 16 a 19 años;Hombres;2021T4;50,85
Total Nacional;De 16 a 19 años;Hombres;2021T3;43,84
Total Nacional;De 16 a 19 años;Hombres;2021T2;50,77
Total Nacional;De 16 a 19 años;Hombres;2021T1;55,67
Total Nacional;De 16 a 19 años;Hombres;2020T4;53,76
Total Nacional;De 16 a 19 años;Hombres;2020T3;51,28
Total Nacional;De 16 a 19 años;Hombres;2020T2;50,51
Total Nacional;De 16 a 19 años;Hombres;2020T1;45,53
Total Nacional;De 16 a 19 años;Hombres;2019T4;42,08
Total Nacional;De 16 a 19 años;Hombres;2019T3;40,97
Total Nacional;De 16 a 19 años;Hombres;2019T2;44,87
Total Nacional;De 16 a 19 años;Hombres;2019T1;43,60
Total Nacional;De 16 a 19 años;Hombres;2018T4;46,89
Total Nacional;De 16 a 19 años;Hombres;2018T3;45,39
Total Nacional;De 16 a 19 años;Hombres;2018T2;51,15
Total Nacional;De 16 a 19 años;Hombres;2018T1;56,61
Total Nacional;De 16 a 19 años;Hombres;2017T4;53,79
Total Nacional;De 16 a 19 años;Hombres;2017T3;51,87
Total Nacional;De 16 a 19 años;Hombres;2017T2;54,67
Total Nacional;De 16 a 19 años;Hombres;2017T1;56,78
Total Nacional;De 16 a 19 años;Hombres;2016T4;54,62
Total Nacional;De 16 a 19 años;Hombres;2016T3;53,45
Total Nacional;De 16 a 19 años;Hombres;2016T2;61,79
Total Nacional;De 16 a 19 años;Hombres;2016T1;66,16
Total Nacional;De 16 a 19 años;Hombres;2015T4;62,49
Total Nacional;De 16 a 19 años;Hombres;2015T3;61,51
Total Nacional;De 16 a 19 años;Hombres;2015T2;66,49
Total Nacional;De 16 a 19 años;Hombres;2015T1;68,93
Total Nacional;De 16 a 19 años;Hombres;2014T4;63,28
Total Nacional;De 16 a 19 años;Hombres;2014T3;62,91
Total Nacional;De 16 a 19 años;Hombres;2014T2;68,71
Total Nacional;De 16 a 19 años;Hombres;2014T1;68,25
Total Nacional;De 16 a 19 años;Hombres;2013T4;74,85
Total Nacional;De 16 a 19 años;Hombres;2013T3;70,69
Total Nacional;De 16 a 19 años;Hombres;2013T2;68,75
Total Nacional;De 16 a 19 años;Hombres;2013T1;75,26
Total Nacional;De 16 a 19 años;Hombres;2012T4;72,95
Total Nacional;De 16 a 19 años;Hombres;2012T3;71,28
Total Nacional;De 16 a 19 años;Hombres;2012T2;72,97
Total Nacional;De 16 a 19 años;Hombres;2012T1;71,05
Total Nacional;De 16 a 19 años;Hombres;2011T4;69,19
Total Nacional;De 16 a 19 años;Hombres;2011T3;61,47
Total Nacional;De 16 a 19 años;Hombres;2011T2;63,92
Total Nacional;De 16 a 19 años;Hombres;2011T1;64,08
Total Nacional;De 16 a 19 años;Hombres;2010T4;62,37
Total Nacional;De 16 a 19 años;Hombres;2010T3;58,95
Total Nacional;De 16 a 19 años;Hombres;2010T2;60,59
Total Nacional;De 16 a 19 años;Hombres;2010T1;58,92
Total Nacional;De 16 a 19 años;Hombres;2009T4;56,78
Total Nacional;De 16 a 19 años;Hombres;2009T3;53,12
Total Nacional;De 16 a 19 años;Hombres;2009T2;56,70
Total Nacional;De 16 a 19 años;Hombres;2009T1;52,73
Total Nacional;De 16 a 19 años;Hombres;2008T4;44,69
Total Nacional;De 16 a 19 años;Hombres;2008T3;35,53
Total Nacional;De 16 a 19 años;Hombres;2008T2;35,22
Total Nacional;De 16 a 19 años;Hombres;2008T1;28,50
Total Nacional;De 16 a 19 años;Hombres;2007T4;26,76
Total Nacional;De 16 a 19 años;Hombres;2007T3;22,93
Total Nacional;De 16 a 19 años;Hombres;2007T2;24,20
Total Nacional;De 16 a 19 años;Hombres;2007T1;21,99
Total Nacional;De 16 a 19 años;Hombres;2006T4;25,44
Total Nacional;De 16 a 19 años;Hombres;2006T3;19,80
Total Nacional;De 16 a 19 años;Hombres;2006T2;25,22
Total Nacional;De 16 a 19 años;Hombres;2006T1;25,66
Total Nacional;De 16 a 19 años;Hombres;2005T4;23,47
Total Nacional;De 16 a 19 años;Hombres;2005T3;22,04
Total Nacional;De 16 a 19 años;Hombres;2005T2;26,26
Total Nacional;De 16 a 19 años;Hombres;2005T1;26,70
Total Nacional;De 16 a 19 años;Hombres;2004T4;24,40
Total Nacional;De 16 a 19 años;Hombres;2004T3;26,71
Total Nacional;De 16 a 19 años;Hombres;2004T2;27,49
Total Nacional;De 16 a 19 años;Hombres;2004T1;27,69
Total Nacional;De 16 a 19 años;Hombres;2003T4;27,52
Total Nacional;De 16 a 19 años;Hombres;2003T3;26,22
Total Nacional;De 16 a 19 años;Hombres;2003T2;29,41
Total Nacional;De 16 a 19 años;Hombres;2003T1;29,06
Total Nacional;De 16 a 19 años;Hombres;2002T4;26,76
Total Nacional;De 16 a 19 años;Hombres;2002T3;26,53
Total Nacional;De 16 a 19 años;Hombres;2002T2;24,09
Total Nacional;De 16 a 19 años;Hombres;2002T1;24,09
Total Nacional;De 16 a 19 años;Mujeres;2025T3;45,22
Total Nacional;De 16 a 19 años;Mujeres;2025T2;39,45
Total Nacional;De 16 a 19 años;Mujeres;2025T1;39,64
Total Nacional;De 16 a 19 años;Mujeres;2024T4;46,72
Total Nacional;De 16 a 19 años;Mujeres;2024T3;41,04
Total Nacional;De 16 a 19 años;Mujeres;2024T2;48,17
Total Nacional;De 16 a 19 años;Mujeres;2024T1;42,07
Total Nacional;De 16 a 19 años;Mujeres;2023T4;44,83
Total Nacional;De 16 a 19 años;Mujeres;2023T3;41,02
Total Nacional;De 16 a 19 años;Mujeres;2023T2;42,91
Total Nacional;De 16 a 19 años;Mujeres;2023T1;43,19
Total Nacional;De 16 a 19 años;Mujeres;2022T4;38,29
Total Nacional;De 16 a 19 años;Mujeres;2022T3;42,22
Total Nacional;De 16 a 19 años;Mujeres;2022T2;48,21
Total Nacional;De 16 a 19 años;Mujeres;2022T1;48,92
Total Nacional;De 16 a 19 años;Mujeres;2021T4;49,48
Total Nacional;De 16 a 19 años;Mujeres;2021T3;42,57
Total Nacional;De 16 a 19 años;Mujeres;2021T2;61,01
Total Nacional;De 16 a 19 años;Mujeres;2021T1;62,28
Total Nacional;De 16 a 19 años;Mujeres;2020T4;69,18
Total Nacional;De 16 a 19 años;Mujeres;2020T3;63,17
Total Nacional;De 16 a 19 años;Mujeres;2020T2;61,07
Total Nacional;De 16 a 19 años;Mujeres;2020T1;50,28
Total Nacional;De 16 a 19 años;Mujeres;2019T4;46,55
Total Nacional;De 16 a 19 años;Mujeres;2019T3;43,70
Total Nacional;De 16 a 19 años;Mujeres;2019T2;48,11
Total Nacional;De 16 a 19 años;Mujeres;2019T1;56,57
Total Nacional;De 16 a 19 años;Mujeres;2018T4;46,89
Total Nacional;De 16 a 19 años;Mujeres;2018T3;45,49
Total Nacional;De 16 a 19 años;Mujeres;2018T2;52,28
Total Nacional;De 16 a 19 años;Mujeres;2018T1;55,55
Total Nacional;De 16 a 19 años;Mujeres;2017T4;54,74
Total Nacional;De 16 a 19 años;Mujeres;2017T3;48,34
Total Nacional;De 16 a 19 años;Mujeres;2017T2;57,81
Total Nacional;De 16 a 19 años;Mujeres;2017T1;61,77
Total Nacional;De 16 a 19 años;Mujeres;2016T4;64,02
Total Nacional;De 16 a 19 años;Mujeres;2016T3;56,30
Total Nacional;De 16 a 19 años;Mujeres;2016T2;65,96
Total Nacional;De 16 a 19 años;Mujeres;2016T1;61,24
Total Nacional;De 16 a 19 años;Mujeres;2015T4;70,97
Total Nacional;De 16 a 19 años;Mujeres;2015T3;66,77
Total Nacional;De 16 a 19 años;Mujeres;2015T2;73,23
Total Nacional;De 16 a 19 años;Mujeres;2015T1;72,46
Total Nacional;De 16 a 19 años;Mujeres;2014T4;72,04
Total Nacional;De 16 a 19 años;Mujeres;2014T3;71,38
Total Nacional;De 16 a 19 años;Mujeres;2014T2;72,75
Total Nacional;De 16 a 19 años;Mujeres;2014T1;72,72
Total Nacional;De 16 a 19 años;Mujeres;2013T4;76,43
Total Nacional;De 16 a 19 años;Mujeres;2013T3;73,93
Total Nacional;De 16 a 19 años;Mujeres;2013T2;79,11
Total Nacional;De 16 a 19 años;Mujeres;2013T1;76,18
Total Nacional;De 16 a 19 años;Mujeres;2012T4;75,06
Total Nacional;De 16 a 19 años;Mujeres;2012T3;72,69
Total Nacional;De 16 a 19 años;Mujeres;2012T2;73,46
Total Nacional;De 16 a 19 años;Mujeres;2012T1;71,94
Total Nacional;De 16 a 19 años;Mujeres;2011T4;69,11
Total Nacional;De 16 a 19 años;Mujeres;2011T3;58,92
Total Nacional;De 16 a 19 años;Mujeres;2011T2;60,79
Total Nacional;De 16 a 19 años;Mujeres;2011T1;67,02
Total Nacional;De 16 a 19 años;Mujeres;2010T4;65,42
Total Nacional;De 16 a 19 años;Mujeres;2010T3;61,42
Total Nacional;De 16 a 19 años;Mujeres;2010T2;64,38
Total Nacional;De 16 a 19 años;Mujeres;2010T1;60,48
Total Nacional;De 16 a 19 años;Mujeres;2009T4;58,64
Total Nacional;De 16 a 19 años;Mujeres;2009T3;54,08
Total Nacional;De 16 a 19 años;Mujeres;2009T2;55,38
Total Nacional;De 16 a 19 años;Mujeres;2009T1;56,43
Total Nacional;De 16 a 19 años;Mujeres;2008T4;47,35
Total Nacional;De 16 a 19 años;Mujeres;2008T3;42,17
Total Nacional;De 16 a 19 años;Mujeres;2008T2;48,75
Total Nacional;De 16 a 19 años;Mujeres;2008T1;39,31
Total Nacional;De 16 a 19 años;Mujeres;2007T4;37,50
Total Nacional;De 16 a 19 años;Mujeres;2007T3;33,28
Total Nacional;De 16 a 19 años;Mujeres;2007T2;37,05
Total Nacional;De 16 a 19 años;Mujeres;2007T1;36,39
Total Nacional;De 16 a 19 años;Mujeres;2006T4;39,81
Total Nacional;De 16 a 19 años;Mujeres;2006T3;32,66
Total Nacional;De 16 a 19 años;Mujeres;2006T2;38,96
Total Nacional;De 16 a 19 años;Mujeres;2006T1;35,38
Total Nacional;De 16 a 19 años;Mujeres;2005T4;34,23
Total Nacional;De 16 a 19 años;Mujeres;2005T3;34,27
Total Nacional;De 16 a 19 años;Mujeres;2005T2;38,10
Total Nacional;De 16 a 19 años;Mujeres;2005T1;39,35
Total Nacional;De 16 a 19 años;Mujeres;2004T4;36,92
Total Nacional;De 16 a 19 años;Mujeres;2004T3;33,95
Total Nacional;De 16 a 19 años;Mujeres;2004T2;39,89
Total Nacional;De 16 a 19 años;Mujeres;2004T1;40,06
Total Nacional;De 16 a 19 años;Mujeres;2003T4;39,71
Total Nacional;De 16 a 19 años;Mujeres;2003T3;40,03
Total Nacional;De 16 a 19 años;Mujeres;2003T2;42,13
Total Nacional;De 16 a 19 años;Mujeres;2003T1;41,98
Total Nacional;De 16 a 19 años;Mujeres;2002T4;40,22
Total Nacional;De 16 a 19 años;Mujeres;2002T3;36,30
Total Nacional;De 16 a 19 años;Mujeres;2002T2;38,45
Total Nacional;De 16 a 19 años;Mujeres;2002T1;35,22
Total Nacional;De 20 a 24 años;Hombres;2025T3;22,82
Total Nacional;De 20 a 24 años;Hombres;2025T2;19,65
Total Nacional;De 20 a 24 años;Hombres;2025T1;23,31
Total Nacional;De 20 a 24 años;Hombres;2024T4;21,67
Total Nacional;De 20 a 24 años;Hombres;2024T3;22,82
Total Nacional;De 20 a 24 años;Hombres;2024T2;22,54
Total Nacional;De 20 a 24 años;Hombres;2024T1;26,01
Total Nacional;De 20 a 24 años;Hombres;2023T4;26,97
Total Nacional;De 20 a 24 años;Hombres;2023T3;25,90
Total Nacional;De 20 a 24 años;Hombres;2023T2;24,02
Total Nacional;De 20 a 24 años;Hombres;2023T1;25,57
Total Nacional;De 20 a 24 años;Hombres;2022T4;25,07
Total Nacional;De 20 a 24 años;Hombres;2022T3;24,50
Total Nacional;De 20 a 24 años;Hombres;2022T2;23,03
Total Nacional;De 20 a 24 años;Hombres;2022T1;27,15
Total Nacional;De 20 a 24 años;Hombres;2021T4;26,58
Total Nacional;De 20 a 24 años;Hombres;2021T3;27,93
Total Nacional;De 20 a 24 años;Hombres;2021T2;33,67
Total Nacional;De 20 a 24 años;Hombres;2021T1;34,76
Total Nacional;De 20 a 24 años;Hombres;2020T4;35,98
Total Nacional;De 20 a 24 años;Hombres;2020T3;35,67
Total Nacional;De 20 a 24 años;Hombres;2020T2;35,83
Total Nacional;De 20 a 24 años;Hombres;2020T1;29,62
Total Nacional;De 20 a 24 años;Hombres;2019T4;26,36
Total Nacional;De 20 a 24 años;Hombres;2019T3;27,32
Total Nacional;De 20 a 24 años;Hombres;2019T2;28,49
Total Nacional;De 20 a 24 años;Hombres;2019T1;30,78
Total Nacional;De 20 a 24 años;Hombres;2018T4;30,78
Total Nacional;De 20 a 24 años;Hombres;2018T3;31,24
Total Nacional;De 20 a 24 años;Hombres;2018T2;31,93
Total Nacional;De 20 a 24 años;Hombres;2018T1;34,05
Total Nacional;De 20 a 24 años;Hombres;2017T4;34,14
Total Nacional;De 20 a 24 años;Hombres;2017T3;33,84
Total Nacional;De 20 a 24 años;Hombres;2017T2;37,45
Total Nacional;De 20 a 24 años;Hombres;2017T1;39,46
Total Nacional;De 20 a 24 años;Hombres;2016T4;40,29
Total Nacional;De 20 a 24 años;Hombres;2016T3;39,35
Total Nacional;De 20 a 24 años;Hombres;2016T2;42,59
Total Nacional;De 20 a 24 años;Hombres;2016T1;41,53
Total Nacional;De 20 a 24 años;Hombres;2015T4;41,93
Total Nacional;De 20 a 24 años;Hombres;2015T3;43,11
Total Nacional;De 20 a 24 años;Hombres;2015T2;46,49
Total Nacional;De 20 a 24 años;Hombres;2015T1;49,25
Total Nacional;De 20 a 24 años;Hombres;2014T4;49,27
Total Nacional;De 20 a 24 años;Hombres;2014T3;50,16
Total Nacional;De 20 a 24 años;Hombres;2014T2;50,79
Total Nacional;De 20 a 24 años;Hombres;2014T1;53,66
Total Nacional;De 20 a 24 años;Hombres;2013T4;51,56
Total Nacional;De 20 a 24 años;Hombres;2013T3;50,09
Total Nacional;De 20 a 24 años;Hombres;2013T2;53,61
Total Nacional;De 20 a 24 años;Hombres;2013T1;55,57
Total Nacional;De 20 a 24 años;Hombres;2012T4;52,58
Total Nacional;De 20 a 24 años;Hombres;2012T3;48,43
Total Nacional;De 20 a 24 años;Hombres;2012T2;49,87
Total Nacional;De 20 a 24 años;Hombres;2012T1;50,08
Total Nacional;De 20 a 24 años;Hombres;2011T4;46,18
Total Nacional;De 20 a 24 años;Hombres;2011T3;43,16
Total Nacional;De 20 a 24 años;Hombres;2011T2;44,40
Total Nacional;De 20 a 24 años;Hombres;2011T1;43,49
Total Nacional;De 20 a 24 años;Hombres;2010T4;40,35
Total Nacional;De 20 a 24 años;Hombres;2010T3;36,84
Total Nacional;De 20 a 24 años;Hombres;2010T2;38,55
Total Nacional;De 20 a 24 años;Hombres;2010T1;39,03
Total Nacional;De 20 a 24 años;Hombres;2009T4;36,66
Total Nacional;De 20 a 24 años;Hombres;2009T3;35,24
Total Nacional;De 20 a 24 años;Hombres;2009T2;34,94
Total Nacional;De 20 a 24 años;Hombres;2009T1;31,48
Total Nacional;De 20 a 24 años;Hombres;2008T4;25,30
Total Nacional;De 20 a 24 años;Hombres;2008T3;19,80
Total Nacional;De 20 a 24 años;Hombres;2008T2;17,79
Total Nacional;De 20 a 24 años;Hombres;2008T1;16,49
Total Nacional;De 20 a 24 años;Hombres;2007T4;13,37
Total Nacional;De 20 a 24 años;Hombres;2007T3;12,53
Total Nacional;De 20 a 24 años;Hombres;2007T2;12,06
Total Nacional;De 20 a 24 años;Hombres;2007T1;11,67
Total Nacional;De 20 a 24 años;Hombres;2006T4;10,67
Total Nacional;De 20 a 24 años;Hombres;2006T3;11,88
Total Nacional;De 20 a 24 años;Hombres;2006T2;12,46
Total Nacional;De 20 a 24 años;Hombres;2006T1;14,23
Total Nacional;De 20 a 24 años;Hombres;2005T4;13,91
Total Nacional;De 20 a 24 años;Hombres;2005T3;12,69
Total Nacional;De 20 a 24 años;Hombres;2005T2;14,67
Total Nacional;De 20 a 24 años;Hombres;2005T1;16,09
Total Nacional;De 20 a 24 años;Hombres;2004T4;15,81
Total Nacional;De 20 a 24 años;Hombres;2004T3;15,84
Total Nacional;De 20 a 24 años;Hombres;2004T2;17,24
Total Nacional;De 20 a 24 años;Hombres;2004T1;17,21
Total Nacional;De 20 a 24 años;Hombres;2003T4;17,41
Total Nacional;De 20 a 24 años;Hombres;2003T3;17,00
Total Nacional;De 20 a 24 años;Hombres;2003T2;16,20
Total Nacional;De 20 a 24 años;Hombres;2003T1;17,69
Total Nacional;De 20 a 24 años;Hombres;2002T4;18,18
Total Nacional;De 20 a 24 años;Hombres;2002T3;16,21
Total Nacional;De 20 a 24 años;Hombres;2002T2;14,75
Total Nacional;De 20 a 24 años;Hombres;2002T1;16,73
Total Nacional;De 20 a 24 años;Mujeres;2025T3;22,46
Total Nacional;De 20 a 24 años;Mujeres;2025T2;23,25
Total Nacional;De 20 a 24 años;Mujeres;2025T1;24,98
Total Nacional;De 20 a 24 años;Mujeres;2024T4;22,45
Total Nacional;De 20 a 24 años;Mujeres;2024T3;25,48
Total Nacional;De 20 a 24 años;Mujeres;2024T2;22,27
Total Nacional;De 20 a 24 años;Mujeres;2024T1;23,76
Total Nacional;De 20 a 24 años;Mujeres;2023T4;24,25
Total Nacional;De 20 a 24 años;Mujeres;2023T3;24,23
Total Nacional;De 20 a 24 años;Mujeres;2023T2;26,05
Total Nacional;De 20 a 24 años;Mujeres;2023T1;28,35
Total Nacional;De 20 a 24 años;Mujeres;2022T4;28,11
Total Nacional;De 20 a 24 años;Mujeres;2022T3;30,58
Total Nacional;De 20 a 24 años;Mujeres;2022T2;26,87
Total Nacional;De 20 a 24 años;Mujeres;2022T1;26,43
Total Nacional;De 20 a 24 años;Mujeres;2021T4;27,90
Total Nacional;De 20 a 24 años;Mujeres;2021T3;29,89
Total Nacional;De 20 a 24 años;Mujeres;2021T2;36,55
Total Nacional;De 20 a 24 años;Mujeres;2021T1;38,10
Total Nacional;De 20 a 24 años;Mujeres;2020T4;37,16
Total Nacional;De 20 a 24 años;Mujeres;2020T3;38,93
Total Nacional;De 20 a 24 años;Mujeres;2020T2;38,20
Total Nacional;De 20 a 24 años;Mujeres;2020T1;30,72
Total Nacional;De 20 a 24 años;Mujeres;2019T4;29,36
Total Nacional;De 20 a 24 años;Mujeres;2019T3;31,62
Total Nacional;De 20 a 24 años;Mujeres;2019T2;32,26
Total Nacional;De 20 a 24 años;Mujeres;2019T1;33,38
Total Nacional;De 20 a 24 años;Mujeres;2018T4;30,79
Total Nacional;De 20 a 24 años;Mujeres;2018T3;28,75
Total Nacional;De 20 a 24 años;Mujeres;2018T2;29,86
Total Nacional;De 20 a 24 años;Mujeres;2018T1;30,40
Total Nacional;De 20 a 24 años;Mujeres;2017T4;33,74
Total Nacional;De 20 a 24 años;Mujeres;2017T3;31,37
Total Nacional;De 20 a 24 años;Mujeres;2017T2;34,69
Total Nacional;De 20 a 24 años;Mujeres;2017T1;37,15
Total Nacional;De 20 a 24 años;Mujeres;2016T4;39,31
Total Nacional;De 20 a 24 años;Mujeres;2016T3;39,18
Total Nacional;De 20 a 24 años;Mujeres;2016T2;44,18
Total Nacional;De 20 a 24 años;Mujeres;2016T1;45,23
Total Nacional;De 20 a 24 años;Mujeres;2015T4;43,20
Total Nacional;De 20 a 24 años;Mujeres;2015T3;42,65
Total Nacional;De 20 a 24 años;Mujeres;2015T2;43,94
Total Nacional;De 20 a 24 años;Mujeres;2015T1;46,02
Total Nacional;De 20 a 24 años;Mujeres;2014T4;48,44
Total Nacional;De 20 a 24 años;Mujeres;2014T3;48,83
Total Nacional;De 20 a 24 años;Mujeres;2014T2;49,09
Total Nacional;De 20 a 24 años;Mujeres;2014T1;51,96
Total Nacional;De 20 a 24 años;Mujeres;2013T4;50,22
Total Nacional;De 20 a 24 años;Mujeres;2013T3;50,20
Total Nacional;De 20 a 24 años;Mujeres;2013T2;51,51
Total Nacional;De 20 a 24 años;Mujeres;2013T1;51,02
Total Nacional;De 20 a 24 años;Mujeres;2012T4;50,12
Total Nacional;De 20 a 24 años;Mujeres;2012T3;46,85
Total Nacional;De 20 a 24 años;Mujeres;2012T2;47,45
Total Nacional;De 20 a 24 años;Mujeres;2012T1;45,15
Total Nacional;De 20 a 24 años;Mujeres;2011T4;41,73
Total Nacional;De 20 a 24 años;Mujeres;2011T3;40,76
Total Nacional;De 20 a 24 años;Mujeres;2011T2;39,75
Total Nacional;De 20 a 24 años;Mujeres;2011T1;38,59
Total Nacional;De 20 a 24 años;Mujeres;2010T4;36,09
Total Nacional;De 20 a 24 años;Mujeres;2010T3;34,97
Total Nacional;De 20 a 24 años;Mujeres;2010T2;35,12
Total Nacional;De 20 a 24 años;Mujeres;2010T1;33,27
Total Nacional;De 20 a 24 años;Mujeres;2009T4;32,43
Total Nacional;De 20 a 24 años;Mujeres;2009T3;33,74
Total Nacional;De 20 a 24 años;Mujeres;2009T2;31,32
Total Nacional;De 20 a 24 años;Mujeres;2009T1;29,62
Total Nacional;De 20 a 24 años;Mujeres;2008T4;23,56
Total Nacional;De 20 a 24 años;Mujeres;2008T3;19,81
Total Nacional;De 20 a 24 años;Mujeres;2008T2;19,47
Total Nacional;De 20 a 24 años;Mujeres;2008T1;19,27
Total Nacional;De 20 a 24 años;Mujeres;2007T4;17,33
Total Nacional;De 20 a 24 años;Mujeres;2007T3;17,72
Total Nacional;De 20 a 24 años;Mujeres;2007T2;18,07
Total Nacional;De 20 a 24 años;Mujeres;2007T1;19,12
Total Nacional;De 20 a 24 años;Mujeres;2006T4;18,20
Total Nacional;De 20 a 24 años;Mujeres;2006T3;17,56
Total Nacional;De 20 a 24 años;Mujeres;2006T2;17,04
Total Nacional;De 20 a 24 años;Mujeres;2006T1;17,80
Total Nacional;De 20 a 24 años;Mujeres;2005T4;18,97
Total Nacional;De 20 a 24 años;Mujeres;2005T3;18,69
Total Nacional;De 20 a 24 años;Mujeres;2005T2;20,42
Total Nacional;De 20 a 24 años;Mujeres;2005T1;23,10
Total Nacional;De 20 a 24 años;Mujeres;2004T4;23,70
Total Nacional;De 20 a 24 años;Mujeres;2004T3;24,14
Total Nacional;De 20 a 24 años;Mujeres;2004T2;23,64
Total Nacional;De 20 a 24 años;Mujeres;2004T1;24,23
Total Nacional;De 20 a 24 años;Mujeres;2003T4;24,76
Total Nacional;De 20 a 24 años;Mujeres;2003T3;23,21
Total Nacional;De 20 a 24 años;Mujeres;2003T2;23,08
Total Nacional;De 20 a 24 años;Mujeres;2003T1;24,80
Total Nacional;De 20 a 24 años;Mujeres;2002T4;24,52
Total Nacional;De 20 a 24 años;Mujeres;2002T3;24,40
Total Nacional;De 20 a 24 años;Mujeres;2002T2;25,37
Total Nacional;De 20 a 24 años;Mujeres;2002T1;25,12
Total Nacional;De 25 a 54 años;Hombres;2025T3;7,51
Total Nacional;De 25 a 54 años;Hombres;2025T2;8,05
Total Nacional;De 25 a 54 años;Hombres;2025T1;8,87
Total Nacional;De 25 a 54 años;Hombres;2024T4;8,34
Total Nacional;De 25 a 54 años;Hombres;2024T3;8,64
Total Nacional;De 25 a 54 años;Hombres;2024T2;8,79
Total Nacional;De 25 a 54 años;Hombres;2024T1;9,64
Total Nacional;De 25 a 54 años;Hombres;2023T4;8,81
Total Nacional;De 25 a 54 años;Hombres;2023T3;8,66
Total Nacional;De 25 a 54 años;Hombres;2023T2;8,81
Total Nacional;De 25 a 54 años;Hombres;2023T1;10,44
Total Nacional;De 25 a 54 años;Hombres;2022T4;10,35
Total Nacional;De 25 a 54 años;Hombres;2022T3;9,49
Total Nacional;De 25 a 54 años;Hombres;2022T2;9,74
Total Nacional;De 25 a 54 años;Hombres;2022T1;10,92
Total Nacional;De 25 a 54 años;Hombres;2021T4;10,76
Total Nacional;De 25 a 54 años;Hombres;2021T3;11,73
Total Nacional;De 25 a 54 años;Hombres;2021T2;12,07
Total Nacional;De 25 a 54 años;Hombres;2021T1;12,95
Total Nacional;De 25 a 54 años;Hombres;2020T4;12,78
Total Nacional;De 25 a 54 años;Hombres;2020T3;12,98
Total Nacional;De 25 a 54 años;Hombres;2020T2;12,98
Total Nacional;De 25 a 54 años;Hombres;2020T1;11,52
Total Nacional;De 25 a 54 años;Hombres;2019T4;10,91
Total Nacional;De 25 a 54 años;Hombres;2019T3;10,78
Total Nacional;De 25 a 54 años;Hombres;2019T2;11,00
Total Nacional;De 25 a 54 años;Hombres;2019T1;11,51
Total Nacional;De 25 a 54 años;Hombres;2018T4;11,38
Total Nacional;De 25 a 54 años;Hombres;2018T3;11,61
Total Nacional;De 25 a 54 años;Hombres;2018T2;11,99
Total Nacional;De 25 a 54 años;Hombres;2018T1;13,62
Total Nacional;De 25 a 54 años;Hombres;2017T4;13,27
Total Nacional;De 25 a 54 años;Hombres;2017T3;12,99
Total Nacional;De 25 a 54 años;Hombres;2017T2;13,84
Total Nacional;De 25 a 54 años;Hombres;2017T1;15,47
Total Nacional;De 25 a 54 años;Hombres;2016T4;15,40
Total Nacional;De 25 a 54 años;Hombres;2016T3;15,65
Total Nacional;De 25 a 54 años;Hombres;2016T2;16,52
Total Nacional;De 25 a 54 años;Hombres;2016T1;17,77
Total Nacional;De 25 a 54 años;Hombres;2015T4;17,68
Total Nacional;De 25 a 54 años;Hombres;2015T3;17,99
Total Nacional;De 25 a 54 años;Hombres;2015T2;19,11
Total Nacional;De 25 a 54 años;Hombres;2015T1;20,96
Total Nacional;De 25 a 54 años;Hombres;2014T4;20,89
Total Nacional;De 25 a 54 años;Hombres;2014T3;20,44
Total Nacional;De 25 a 54 años;Hombres;2014T2;21,85
Total Nacional;De 25 a 54 años;Hombres;2014T1;23,60
Total Nacional;De 25 a 54 años;Hombres;2013T4;23,23
Total Nacional;De 25 a 54 años;Hombres;2013T3;23,43
Total Nacional;De 25 a 54 años;Hombres;2013T2;23,68
Total Nacional;De 25 a 54 años;Hombres;2013T1;24,88
Total Nacional;De 25 a 54 años;Hombres;2012T4;23,86
Total Nacional;De 25 a 54 años;Hombres;2012T3;22,97
Total Nacional;De 25 a 54 años;Hombres;2012T2;22,89
Total Nacional;De 25 a 54 años;Hombres;2012T1;22,33
Total Nacional;De 25 a 54 años;Hombres;2011T4;20,60
Total Nacional;De 25 a 54 años;Hombres;2011T3;19,19
Total Nacional;De 25 a 54 años;Hombres;2011T2;18,67
Total Nacional;De 25 a 54 años;Hombres;2011T1;18,98
Total Nacional;De 25 a 54 años;Hombres;2010T4;18,08
Total Nacional;De 25 a 54 años;Hombres;2010T3;17,47
Total Nacional;De 25 a 54 años;Hombres;2010T2;17,82
Total Nacional;De 25 a 54 años;Hombres;2010T1;18,32
Total Nacional;De 25 a 54 años;Hombres;2009T4;17,05
Total Nacional;De 25 a 54 años;Hombres;2009T3;16,00
Total Nacional;De 25 a 54 años;Hombres;2009T2;15,90
Total Nacional;De 25 a 54 años;Hombres;2009T1;15,63
Total Nacional;De 25 a 54 años;Hombres;2008T4;11,77
Total Nacional;De 25 a 54 años;Hombres;2008T3;9,11
Total Nacional;De 25 a 54 años;Hombres;2008T2;7,88
Total Nacional;De 25 a 54 años;Hombres;2008T1;6,80
Total Nacional;De 25 a 54 años;Hombres;2007T4;5,90
Total Nacional;De 25 a 54 años;Hombres;2007T3;5,24
Total Nacional;De 25 a 54 años;Hombres;2007T2;5,14
Total Nacional;De 25 a 54 años;Hombres;2007T1;5,55
Total Nacional;De 25 a 54 años;Hombres;2006T4;5,28
Total Nacional;De 25 a 54 años;Hombres;2006T3;5,15
Total Nacional;De 25 a 54 años;Hombres;2006T2;5,37
Total Nacional;De 25 a 54 años;Hombres;2006T1;5,71
Total Nacional;De 25 a 54 años;Hombres;2005T4;5,62
Total Nacional;De 25 a 54 años;Hombres;2005T3;5,53
Total Nacional;De 25 a 54 años;Hombres;2005T2;6,12
Total Nacional;De 25 a 54 años;Hombres;2005T1;6,58
Total Nacional;De 25 a 54 años;Hombres;2004T4;6,63
Total Nacional;De 25 a 54 años;Hombres;2004T3;6,99
Total Nacional;De 25 a 54 años;Hombres;2004T2;7,03
Total Nacional;De 25 a 54 años;Hombres;2004T1;7,52
Total Nacional;De 25 a 54 años;Hombres;2003T4;7,35
Total Nacional;De 25 a 54 años;Hombres;2003T3;7,01
Total Nacional;De 25 a 54 años;Hombres;2003T2;6,99
Total Nacional;De 25 a 54 años;Hombres;2003T1;7,40
Total Nacional;De 25 a 54 años;Hombres;2002T4;7,21
Total Nacional;De 25 a 54 años;Hombres;2002T3;6,98
Total Nacional;De 25 a 54 años;Hombres;2002T2;6,75
Total Nacional;De 25 a 54 años;Hombres;2002T1;7,08
Total Nacional;De 25 a 54 años;Mujeres;2025T3;10,74
Total Nacional;De 25 a 54 años;Mujeres;2025T2;10,10
Total Nacional;De 25 a 54 años;Mujeres;2025T1;11,64
Total Nacional;De 25 a 54 años;Mujeres;2024T4;10,62
Total Nacional;De 25 a 54 años;Mujeres;2024T3;11,04
Total Nacional;De 25 a 54 años;Mujeres;2024T2;11,55
Total Nacional;De 25 a 54 años;Mujeres;2024T1;12,86
Total Nacional;De 25 a 54 años;Mujeres;2023T4;12,41
Total Nacional;De 25 a 54 años;Mujeres;2023T3;12,45
Total Nacional;De 25 a 54 años;Mujeres;2023T2;11,90
Total Nacional;De 25 a 54 años;Mujeres;2023T1;14,41
Total Nacional;De 25 a 54 años;Mujeres;2022T4;13,95
Total Nacional;De 25 a 54 años;Mujeres;2022T3;13,90
Total Nacional;De 25 a 54 años;Mujeres;2022T2;13,21
Total Nacional;De 25 a 54 años;Mujeres;2022T1;14,73
Total Nacional;De 25 a 54 años;Mujeres;2021T4;13,97
Total Nacional;De 25 a 54 años;Mujeres;2021T3;15,09
Total Nacional;De 25 a 54 años;Mujeres;2021T2;16,23
Total Nacional;De 25 a 54 años;Mujeres;2021T1;17,57
Total Nacional;De 25 a 54 años;Mujeres;2020T4;17,57
Total Nacional;De 25 a 54 años;Mujeres;2020T3;17,51
Total Nacional;De 25 a 54 años;Mujeres;2020T2;15,96
Total Nacional;De 25 a 54 años;Mujeres;2020T1;15,46
Total Nacional;De 25 a 54 años;Mujeres;2019T4;14,63
Total Nacional;De 25 a 54 años;Mujeres;2019T3;14,90
Total Nacional;De 25 a 54 años;Mujeres;2019T2;14,73
Total Nacional;De 25 a 54 años;Mujeres;2019T1;15,70
Total Nacional;De 25 a 54 años;Mujeres;2018T4;15,22
Total Nacional;De 25 a 54 años;Mujeres;2018T3;15,41
Total Nacional;De 25 a 54 años;Mujeres;2018T2;16,27
Total Nacional;De 25 a 54 años;Mujeres;2018T1;17,79
Total Nacional;De 25 a 54 años;Mujeres;2017T4;17,45
Total Nacional;De 25 a 54 años;Mujeres;2017T3;17,33
Total Nacional;De 25 a 54 años;Mujeres;2017T2;18,11
Total Nacional;De 25 a 54 años;Mujeres;2017T1;19,91
Total Nacional;De 25 a 54 años;Mujeres;2016T4;19,22
Total Nacional;De 25 a 54 años;Mujeres;2016T3;19,60
Total Nacional;De 25 a 54 años;Mujeres;2016T2;20,70
Total Nacional;De 25 a 54 años;Mujeres;2016T1;21,82
Total Nacional;De 25 a 54 años;Mujeres;2015T4;21,39
Total Nacional;De 25 a 54 años;Mujeres;2015T3;21,21
Total Nacional;De 25 a 54 años;Mujeres;2015T2;22,90
Total Nacional;De 25 a 54 años;Mujeres;2015T1;24,09
Total Nacional;De 25 a 54 años;Mujeres;2014T4;23,48
Total Nacional;De 25 a 54 años;Mujeres;2014T3;23,55
Total Nacional;De 25 a 54 años;Mujeres;2014T2;23,94
Total Nacional;De 25 a 54 años;Mujeres;2014T1;25,29
Total Nacional;De 25 a 54 años;Mujeres;2013T4;25,20
Total Nacional;De 25 a 54 años;Mujeres;2013T3;24,61
Total Nacional;De 25 a 54 años;Mujeres;2013T2;25,25
Total Nacional;De 25 a 54 años;Mujeres;2013T1;25,79
Total Nacional;De 25 a 54 años;Mujeres;2012T4;24,84
Total Nacional;De 25 a 54 años;Mujeres;2012T3;23,58
Total Nacional;De 25 a 54 años;Mujeres;2012T2;22,65
Total Nacional;De 25 a 54 años;Mujeres;2012T1;23,15
Total Nacional;De 25 a 54 años;Mujeres;2011T4;21,70
Total Nacional;De 25 a 54 años;Mujeres;2011T3;20,31
Total Nacional;De 25 a 54 años;Mujeres;2011T2;19,56
Total Nacional;De 25 a 54 años;Mujeres;2011T1;20,44
Total Nacional;De 25 a 54 años;Mujeres;2010T4;19,27
Total Nacional;De 25 a 54 años;Mujeres;2010T3;18,78
Total Nacional;De 25 a 54 años;Mujeres;2010T2;18,95
Total Nacional;De 25 a 54 años;Mujeres;2010T1;18,68
Total Nacional;De 25 a 54 años;Mujeres;2009T4;17,50
Total Nacional;De 25 a 54 años;Mujeres;2009T3;15,99
Total Nacional;De 25 a 54 años;Mujeres;2009T2;16,48
Total Nacional;De 25 a 54 años;Mujeres;2009T1;16,32
Total Nacional;De 25 a 54 años;Mujeres;2008T4;13,59
Total Nacional;De 25 a 54 años;Mujeres;2008T3;11,19
Total Nacional;De 25 a 54 años;Mujeres;2008T2;10,71
Total Nacional;De 25 a 54 años;Mujeres;2008T1;10,76
Total Nacional;De 25 a 54 años;Mujeres;2007T4;9,78
Total Nacional;De 25 a 54 años;Mujeres;2007T3;9,09
Total Nacional;De 25 a 54 años;Mujeres;2007T2;9,07
Total Nacional;De 25 a 54 años;Mujeres;2007T1;10,02
Total Nacional;De 25 a 54 años;Mujeres;2006T4;9,96
Total Nacional;De 25 a 54 años;Mujeres;2006T3;9,77
Total Nacional;De 25 a 54 años;Mujeres;2006T2;10,17
Total Nacional;De 25 a 54 años;Mujeres;2006T1;11,19
Total Nacional;De 25 a 54 años;Mujeres;2005T4;10,40
Total Nacional;De 25 a 54 años;Mujeres;2005T3;9,74
Total Nacional;De 25 a 54 años;Mujeres;2005T2;10,53
Total Nacional;De 25 a 54 años;Mujeres;2005T1;12,05
Total Nacional;De 25 a 54 años;Mujeres;2004T4;13,25
Total Nacional;De 25 a 54 años;Mujeres;2004T3;12,99
Total Nacional;De 25 a 54 años;Mujeres;2004T2;13,79
Total Nacional;De 25 a 54 años;Mujeres;2004T1;14,42
Total Nacional;De 25 a 54 años;Mujeres;2003T4;14,14
Total Nacional;De 25 a 54 años;Mujeres;2003T3;14,26
Total Nacional;De 25 a 54 años;Mujeres;2003T2;14,56
Total Nacional;De 25 a 54 años;Mujeres;2003T1;15,68
Total Nacional;De 25 a 54 años;Mujeres;2002T4;14,70
Total Nacional;De 25 a 54 años;Mujeres;2002T3;14,91
Total Nacional;De 25 a 54 años;Mujeres;2002T2;14,61
Total Nacional;De 25 a 54 años;Mujeres;2002T1;15,08
Total Nacional;De 55 y más años;Hombres;2025T3;7,98
Total Nacional;De 55 y más años;Hombres;2025T2;7,97
Total Nacional;De 55 y más años;Hombres;2025T1;8,94
Total Nacional;De 55 y más años;Hombres;2024T4;8,57
Total Nacional;De 55 y más años;Hombres;2024T3;8,58
Total Nacional;De 55 y más años;Hombres;2024T2;8,47
Total Nacional;De 55 y más años;Hombres;2024T1;9,58
Total Nacional;De 55 y más años;Hombres;2023T4;9,30
Total Nacional;De 55 y más años;Hombres;2023T3;8,87
Total Nacional;De 55 y más años;Hombres;2023T2;9,37
Total Nacional;De 55 y más años;Hombres;2023T1;10,33
Total Nacional;De 55 y más años;Hombres;2022T4;9,67
Total Nacional;De 55 y más años;Hombres;2022T3;8,96
Total Nacional;De 55 y más años;Hombres;2022T2;10,46
Total Nacional;De 55 y más años;Hombres;2022T1;10,92
Total Nacional;De 55 y más años;Hombres;2021T4;10,29
Total Nacional;De 55 y más años;Hombres;2021T3;11,96
Total Nacional;De 55 y más años;Hombres;2021T2;11,28
Total Nacional;De 55 y más años;Hombres;2021T1;11,52
Total Nacional;De 55 y más años;Hombres;2020T4;11,34
Total Nacional;De 55 y más años;Hombres;2020T3;11,03
Total Nacional;De 55 y más años;Hombres;2020T2;10,87
Total Nacional;De 55 y más años;Hombres;2020T1;10,76
Total Nacional;De 55 y más años;Hombres;2019T4;11,30
Total Nacional;De 55 y más años;Hombres;2019T3;10,66
Total Nacional;De 55 y más años;Hombres;2019T2;11,49
Total Nacional;De 55 y más años;Hombres;2019T1;11,58
Total Nacional;De 55 y más años;Hombres;2018T4;11,51
Total Nacional;De 55 y más años;Hombres;2018T3;11,06
Total Nacional;De 55 y más años;Hombres;2018T2;12,83
Total Nacional;De 55 y más años;Hombres;2018T1;13,68
Total Nacional;De 55 y más años;Hombres;2017T4;13,92
Total Nacional;De 55 y más años;Hombres;2017T3;13,38
Total Nacional;De 55 y más años;Hombres;2017T2;14,15
Total Nacional;De 55 y más años;Hombres;2017T1;15,64
Total Nacional;De 55 y más años;Hombres;2016T4;15,91
Total Nacional;De 55 y más años;Hombres;2016T3;15,53
Total Nacional;De 55 y más años;Hombres;2016T2;16,26
Total Nacional;De 55 y más años;Hombres;2016T1;17,12
Total Nacional;De 55 y más años;Hombres;2015T4;17,63
Total Nacional;De 55 y más años;Hombres;2015T3;17,20
Total Nacional;De 55 y más años;Hombres;2015T2;17,71
Total Nacional;De 55 y más años;Hombres;2015T1;18,81
Total Nacional;De 55 y más años;Hombres;2014T4;19,94
Total Nacional;De 55 y más años;Hombres;2014T3;19,04
Total Nacional;De 55 y más años;Hombres;2014T2;19,40
Total Nacional;De 55 y más años;Hombres;2014T1;20,30
Total Nacional;De 55 y más años;Hombres;2013T4;19,74
Total Nacional;De 55 y más años;Hombres;2013T3;19,52
Total Nacional;De 55 y más años;Hombres;2013T2;19,47
Total Nacional;De 55 y más años;Hombres;2013T1;19,64
Total Nacional;De 55 y más años;Hombres;2012T4;18,16
Total Nacional;De 55 y más años;Hombres;2012T3;17,26
Total Nacional;De 55 y más años;Hombres;2012T2;16,92
Total Nacional;De 55 y más años;Hombres;2012T1;17,03
Total Nacional;De 55 y más años;Hombres;2011T4;16,11
Total Nacional;De 55 y más años;Hombres;2011T3;14,56
Total Nacional;De 55 y más años;Hombres;2011T2;14,05
Total Nacional;De 55 y más años;Hombres;2011T1;13,93
Total Nacional;De 55 y más años;Hombres;2010T4;14,57
Total Nacional;De 55 y más años;Hombres;2010T3;13,92
Total Nacional;De 55 y más años;Hombres;2010T2;13,88
Total Nacional;De 55 y más años;Hombres;2010T1;12,90
Total Nacional;De 55 y más años;Hombres;2009T4;12,14
Total Nacional;De 55 y más años;Hombres;2009T3;10,92
Total Nacional;De 55 y más años;Hombres;2009T2;10,89
Total Nacional;De 55 y más años;Hombres;2009T1;9,55
Total Nacional;De 55 y más años;Hombres;2008T4;7,23
Total Nacional;De 55 y más años;Hombres;2008T3;6,09
Total Nacional;De 55 y más años;Hombres;2008T2;5,92
Total Nacional;De 55 y más años;Hombres;2008T1;5,34
Total Nacional;De 55 y más años;Hombres;2007T4;5,06
Total Nacional;De 55 y más años;Hombres;2007T3;4,58
Total Nacional;De 55 y más años;Hombres;2007T2;4,71
Total Nacional;De 55 y más años;Hombres;2007T1;4,66
Total Nacional;De 55 y más años;Hombres;2006T4;4,45
Total Nacional;De 55 y más años;Hombres;2006T3;4,38
Total Nacional;De 55 y más años;Hombres;2006T2;4,76
Total Nacional;De 55 y más años;Hombres;2006T1;5,31
Total Nacional;De 55 y más años;Hombres;2005T4;5,17
Total Nacional;De 55 y más años;Hombres;2005T3;4,81
Total Nacional;De 55 y más años;Hombres;2005T2;6,15
Total Nacional;De 55 y más años;Hombres;2005T1;5,62
Total Nacional;De 55 y más años;Hombres;2004T4;6,25
Total Nacional;De 55 y más años;Hombres;2004T3;5,76
Total Nacional;De 55 y más años;Hombres;2004T2;5,97
Total Nacional;De 55 y más años;Hombres;2004T1;5,76
Total Nacional;De 55 y más años;Hombres;2003T4;5,60
Total Nacional;De 55 y más años;Hombres;2003T3;6,19
Total Nacional;De 55 y más años;Hombres;2003T2;5,52
Total Nacional;De 55 y más años;Hombres;2003T1;6,00
Total Nacional;De 55 y más años;Hombres;2002T4;6,04
Total Nacional;De 55 y más años;Hombres;2002T3;5,89
Total Nacional;De 55 y más años;Hombres;2002T2;5,60
Total Nacional;De 55 y más años;Hombres;2002T1;6,00
Total Nacional;De 55 y más años;Mujeres;2025T3;11,32
Total Nacional;De 55 y más años;Mujeres;2025T2;11,34
Total Nacional;De 55 y más años;Mujeres;2025T1;11,94
Total Nacional;De 55 y más años;Mujeres;2024T4;11,26
Total Nacional;De 55 y más años;Mujeres;2024T3;11,91
Total Nacional;De 55 y más años;Mujeres;2024T2;11,71
Total Nacional;De 55 y más años;Mujeres;2024T1;12,75
Total Nacional;De 55 y más años;Mujeres;2023T4;12,10
Total Nacional;De 55 y más años;Mujeres;2023T3;13,03
Total Nacional;De 55 y más años;Mujeres;2023T2;12,97
Total Nacional;De 55 y más años;Mujeres;2023T1;13,48
Total Nacional;De 55 y más años;Mujeres;2022T4;12,79
Total Nacional;De 55 y más años;Mujeres;2022T3;12,31
Total Nacional;De 55 y más años;Mujeres;2022T2;13,25
Total Nacional;De 55 y más años;Mujeres;2022T1;13,71
Total Nacional;De 55 y más años;Mujeres;2021T4;14,55
Total Nacional;De 55 y más años;Mujeres;2021T3;16,03
Total Nacional;De 55 y más años;Mujeres;2021T2;14,36
Total Nacional;De 55 y más años;Mujeres;2021T1;14,04
Total Nacional;De 55 y más años;Mujeres;2020T4;13,87
Total Nacional;De 55 y más años;Mujeres;2020T3;13,34
Total Nacional;De 55 y más años;Mujeres;2020T2;12,41
Total Nacional;De 55 y más años;Mujeres;2020T1;13,68
Total Nacional;De 55 y más años;Mujeres;2019T4;13,61
Total Nacional;De 55 y más años;Mujeres;2019T3;13,18
Total Nacional;De 55 y más años;Mujeres;2019T2;13,22
Total Nacional;De 55 y más años;Mujeres;2019T1;13,80
Total Nacional;De 55 y más años;Mujeres;2018T4;14,33
Total Nacional;De 55 y más años;Mujeres;2018T3;13,47
Total Nacional;De 55 y más años;Mujeres;2018T2;14,30
Total Nacional;De 55 y más años;Mujeres;2018T1;16,16
Total Nacional;De 55 y más años;Mujeres;2017T4;14,93
Total Nacional;De 55 y más años;Mujeres;2017T3;15,40
Total Nacional;De 55 y más años;Mujeres;2017T2;15,73
Total Nacional;De 55 y más años;Mujeres;2017T1;15,46
Total Nacional;De 55 y más años;Mujeres;2016T4;16,24
Total Nacional;De 55 y más años;Mujeres;2016T3;16,53
Total Nacional;De 55 y más años;Mujeres;2016T2;16,70
Total Nacional;De 55 y más años;Mujeres;2016T1;17,42
Total Nacional;De 55 y más años;Mujeres;2015T4;17,65
Total Nacional;De 55 y más años;Mujeres;2015T3;18,53
Total Nacional;De 55 y más años;Mujeres;2015T2;18,12
Total Nacional;De 55 y más años;Mujeres;2015T1;17,87
Total Nacional;De 55 y más años;Mujeres;2014T4;17,92
Total Nacional;De 55 y más años;Mujeres;2014T3;18,54
Total Nacional;De 55 y más años;Mujeres;2014T2;19,86
Total Nacional;De 55 y más años;Mujeres;2014T1;19,05
Total Nacional;De 55 y más años;Mujeres;2013T4;19,00
Total Nacional;De 55 y más años;Mujeres;2013T3;18,42
Total Nacional;De 55 y más años;Mujeres;2013T2;18,81
Total Nacional;De 55 y más años;Mujeres;2013T1;19,97
Total Nacional;De 55 y más años;Mujeres;2012T4;18,00
Total Nacional;De 55 y más años;Mujeres;2012T3;17,17
Total Nacional;De 55 y más años;Mujeres;2012T2;17,13
Total Nacional;De 55 y más años;Mujeres;2012T1;16,17
Total Nacional;De 55 y más años;Mujeres;2011T4;15,00
Total Nacional;De 55 y más años;Mujeres;2011T3;14,07
Total Nacional;De 55 y más años;Mujeres;2011T2;13,03
Total Nacional;De 55 y más años;Mujeres;2011T1;13,81
Total Nacional;De 55 y más años;Mujeres;2010T4;13,00
Total Nacional;De 55 y más años;Mujeres;2010T3;13,09
Total Nacional;De 55 y más años;Mujeres;2010T2;12,84
Total Nacional;De 55 y más años;Mujeres;2010T1;13,51
Total Nacional;De 55 y más años;Mujeres;2009T4;12,92
Total Nacional;De 55 y más años;Mujeres;2009T3;12,66
Total Nacional;De 55 y más años;Mujeres;2009T2;12,90
Total Nacional;De 55 y más años;Mujeres;2009T1;11,90
Total Nacional;De 55 y más años;Mujeres;2008T4;10,50
Total Nacional;De 55 y más años;Mujeres;2008T3;8,20
Total Nacional;De 55 y más años;Mujeres;2008T2;7,60
Total Nacional;De 55 y más años;Mujeres;2008T1;8,34
Total Nacional;De 55 y más años;Mujeres;2007T4;7,21
Total Nacional;De 55 y más años;Mujeres;2007T3;7,29
Total Nacional;De 55 y más años;Mujeres;2007T2;7,03
Total Nacional;De 55 y más años;Mujeres;2007T1;8,20
Total Nacional;De 55 y más años;Mujeres;2006T4;7,14
Total Nacional;De 55 y más años;Mujeres;2006T3;7,19
Total Nacional;De 55 y más años;Mujeres;2006T2;6,64
Total Nacional;De 55 y más años;Mujeres;2006T1;7,05
Total Nacional;De 55 y más años;Mujeres;2005T4;6,48
Total Nacional;De 55 y más años;Mujeres;2005T3;6,21
Total Nacional;De 55 y más años;Mujeres;2005T2;7,75
Total Nacional;De 55 y más años;Mujeres;2005T1;8,70
Total Nacional;De 55 y más años;Mujeres;2004T4;7,93
Total Nacional;De 55 y más años;Mujeres;2004T3;9,58
Total Nacional;De 55 y más años;Mujeres;2004T2;9,63
Total Nacional;De 55 y más años;Mujeres;2004T1;8,83
Total Nacional;De 55 y más años;Mujeres;2003T4;8,84
Total Nacional;De 55 y más años;Mujeres;2003T3;9,74
Total Nacional;De 55 y más años;Mujeres;2003T2;8,83
Total Nacional;De 55 y más años;Mujeres;2003T1;8,46
Total Nacional;De 55 y más años;Mujeres;2002T4;9,29
Total Nacional;De 55 y más años;Mujeres;2002T3;9,98
Total Nacional;De 55 y más años;Mujeres;2002T2;9,44
Total Nacional;De 55 y más años;Mujeres;2002T1;9,36
